{"model": "Pipeline(memory=None,\n     steps=[('normalize', TextNormalizer(language=None)), ('vectorize', TfidfVectorizer(analyzer='word', binary=False, decode_error='strict',\n        dtype=<class 'numpy.int64'>, encoding='utf-8', input='content',\n        lowercase=False, max_df=1.0, max_features=None, min_df=1,\n        ngram_range=(1, 1...ty='l2', random_state=None, solver='liblinear', tol=0.0001,\n          verbose=0, warm_start=False))])", "name": "LogisticRegression (TruncatedSVD)", "accuracy": [0.6410256410256411, 0.7051282051282052, 0.6923076923076923, 0.7272727272727273, 0.7402597402597403], "precision": [0.6396011396011396, 0.6967592592592593, 0.6824175824175824, 0.689935064935065, 0.6716141001855288], "recall": [0.6410256410256411, 0.7051282051282052, 0.6923076923076923, 0.7272727272727273, 0.7402597402597403], "f1": [0.5499557913351018, 0.6284523557250831, 0.6199195687516044, 0.6496098136896362, 0.6676077545642762], "time": [3534.6599385738373, 863.5036599636078, 501.83632922172546, 562.7623126506805, 439.819940328598]}
{"model": "Pipeline(memory=None,\n     steps=[('normalize', TextNormalizer(language=None)), ('vectorize', TfidfVectorizer(analyzer='word', binary=False, decode_error='strict',\n        dtype=<class 'numpy.int64'>, encoding='utf-8', input='content',\n        lowercase=False, max_df=1.0, max_features=None, min_df=1,\n        ngram_range=(1, 1...ty='l2', random_state=None, solver='liblinear', tol=0.0001,\n          verbose=0, warm_start=False))])", "name": "LogisticRegression", "accuracy": [0.6923076923076923, 0.6410256410256411, 0.7435897435897436, 0.7922077922077922, 0.6103896103896104], "precision": [0.6794871794871795, 0.6155953635405691, 0.6758241758241759, 0.7242169595110771, 0.6276463262764633], "recall": [0.6923076923076923, 0.6410256410256411, 0.7435897435897436, 0.7922077922077922, 0.6103896103896104], "f1": [0.6119658119658121, 0.5462148962148962, 0.6736752136752137, 0.7348917748917748, 0.5025211059693818], "time": [41.23857665061951, 4.679802179336548, 4.1158061027526855, 4.17100977897644, 4.564422845840454]}
{"model": "Pipeline(memory=None,\n     steps=[('normalize', TextNormalizer(language=None)), ('vectorize', TfidfVectorizer(analyzer='word', binary=False, decode_error='strict',\n        dtype=<class 'numpy.int64'>, encoding='utf-8', input='content',\n        lowercase=False, max_df=1.0, max_features=None, min_df=1,\n        ngram_range=(1, 1...='l2', power_t=0.5, random_state=None,\n       shuffle=True, tol=None, verbose=0, warm_start=False))])", "name": "SGDClassifier (TruncatedSVD)", "accuracy": [0.8974358974358975, 0.8461538461538461, 0.8589743589743589, 0.9090909090909091, 0.8441558441558441], "precision": [0.9043155387417684, 0.845244589925441, 0.8956043956043956, 0.9162927981109801, 0.8637072018890201], "recall": [0.8974358974358975, 0.8461538461538461, 0.8589743589743589, 0.9090909090909091, 0.8441558441558441], "f1": [0.887400578960681, 0.8393874643874643, 0.8654665879729817, 0.8971147899719328, 0.8229934651697415], "time": [485.6713457107544, 454.09316849708557, 609.6798417568207, 445.3507921695709, 521.4452142715454]}
{"model": "Pipeline(memory=None,\n     steps=[('normalize', TextNormalizer(language=None)), ('vectorize', TfidfVectorizer(analyzer='word', binary=False, decode_error='strict',\n        dtype=<class 'numpy.int64'>, encoding='utf-8', input='content',\n        lowercase=False, max_df=1.0, max_features=None, min_df=1,\n        ngram_range=(1, 1...='l2', power_t=0.5, random_state=None,\n       shuffle=True, tol=None, verbose=0, warm_start=False))])", "name": "SGDClassifier", "accuracy": [0.9358974358974359, 0.8589743589743589, 0.8846153846153846, 0.8441558441558441, 0.8961038961038961], "precision": [0.9399195575666164, 0.8755048370432985, 0.8988927738927739, 0.8509572324227496, 0.8984097535117943], "recall": [0.9358974358974359, 0.8589743589743589, 0.8846153846153846, 0.8441558441558441, 0.8961038961038961], "f1": [0.931246002674574, 0.8450942392460862, 0.8640067274323979, 0.8333441132916888, 0.896431989063568], "time": [66.86314105987549, 8.399648904800415, 6.218631744384766, 4.609560966491699, 5.173216104507446]}
{"model": "Pipeline(memory=None,\n     steps=[('normalize', TextNormalizer(language=None)), ('vectorize', TfidfVectorizer(analyzer='word', binary=False, decode_error='strict',\n        dtype=<class 'numpy.int64'>, encoding='utf-8', input='content',\n        lowercase=False, max_df=1.0, max_features=None, min_df=1,\n        ngram_range=(1, 1...      vocabulary=None)), ('classifier', MultinomialNB(alpha=1.0, class_prior=None, fit_prior=True))])", "name": "MultinomialNB", "accuracy": [0.6538461538461539, 0.6538461538461539, 0.6153846153846154, 0.5844155844155844, 0.6103896103896104], "precision": [0.7111222111222111, 0.4275147928994083, 0.37869822485207105, 0.34154157530780904, 0.621326042378674], "recall": [0.6538461538461539, 0.6538461538461539, 0.6153846153846154, 0.5844155844155844, 0.6103896103896104], "f1": [0.5293172488054377, 0.5169946332737031, 0.4688644688644689, 0.431126250798382, 0.47523748694708884], "time": [5.784814119338989, 5.0212671756744385, 4.82234001159668, 4.952276706695557, 4.715288400650024]}
