{"model": "Pipeline(memory=None,\n     steps=[('extract', EntityExtractor(labels=frozenset({'GPE', 'FACILITY', 'GSP', 'PERSON', 'ORGANIZATION'}))), ('vectorize', TfidfVectorizer(analyzer='word', binary=False, decode_error='strict',\n        dtype=<class 'numpy.int64'>, encoding='utf-8', input='content',\n        lowercase=False, max_df=1.0...ty='l2', random_state=None, solver='liblinear', tol=0.0001,\n          verbose=0, warm_start=False))])", "name": "LogisticRegression", "accuracy": [0.6410256410256411, 0.6666666666666666, 0.5641025641025641, 0.5974025974025974, 0.6623376623376623], "precision": [0.6561771561771561, 0.6766566766566766, 0.6411921411921412, 0.35688986338336987, 0.4386911789509192], "recall": [0.6410256410256411, 0.6666666666666666, 0.5641025641025641, 0.5974025974025974, 0.6623376623376623], "f1": [0.513024013024013, 0.5453926282051282, 0.41977682811016137, 0.44683771513039805, 0.5278003246753247], "time": [255.63557171821594, 261.56926131248474, 207.01456570625305, 219.61193084716797, 210.58530592918396]}
{"model": "Pipeline(memory=None,\n     steps=[('extract', EntityExtractor(labels=frozenset({'GPE', 'FACILITY', 'GSP', 'PERSON', 'ORGANIZATION'}))), ('vectorize', TfidfVectorizer(analyzer='word', binary=False, decode_error='strict',\n        dtype=<class 'numpy.int64'>, encoding='utf-8', input='content',\n        lowercase=False, max_df=1.0...='l2', power_t=0.5, random_state=None,\n       shuffle=True, tol=None, verbose=0, warm_start=False))])", "name": "SGDClassifier", "accuracy": [0.782051282051282, 0.7435897435897436, 0.8333333333333334, 0.7142857142857143, 0.7272727272727273], "precision": [0.8271909682357443, 0.768933850819707, 0.8291887709991158, 0.6397819528427705, 0.7685406698564593], "recall": [0.782051282051282, 0.7435897435897436, 0.8333333333333334, 0.7142857142857143, 0.7272727272727273], "f1": [0.7195554547802153, 0.7151709401709402, 0.8134401424121049, 0.6749768089053804, 0.7070412580616663], "time": [208.88184547424316, 205.51260089874268, 206.7095079421997, 206.93347883224487, 219.92456579208374]}
{"model": "Pipeline(memory=None,\n     steps=[('extract', EntityExtractor(labels=frozenset({'GPE', 'FACILITY', 'GSP', 'PERSON', 'ORGANIZATION'}))), ('vectorize', TfidfVectorizer(analyzer='word', binary=False, decode_error='strict',\n        dtype=<class 'numpy.int64'>, encoding='utf-8', input='content',\n        lowercase=False, max_df=1.0...      vocabulary=None)), ('classifier', MultinomialNB(alpha=1.0, class_prior=None, fit_prior=True))])", "name": "MultinomialNB", "accuracy": [0.717948717948718, 0.5769230769230769, 0.5769230769230769, 0.6623376623376623, 0.6753246753246753], "precision": [0.7109401709401709, 0.6043956043956044, 0.63003663003663, 0.6869446343130554, 0.6291681291681291], "recall": [0.717948717948718, 0.5769230769230769, 0.5769230769230769, 0.6623376623376623, 0.6753246753246753], "f1": [0.6286343864468864, 0.43478260869565216, 0.4348717948717949, 0.5400948258091115, 0.5726400257850836], "time": [237.43513560295105, 208.23273849487305, 206.90661120414734, 206.64184379577637, 205.37078762054443]}
